afrr_cap_keur,afrr_energy_keur
84.274768,8.427476799999999
