afrr_cap_keur,afrr_energy_keur
113.985904,11.398590400000002
